{"cameraMode":{"drawMode":0,"name":"Shaded","section":"Shading Mode"},"sceneLighting":false,"audioPlay":false,"sceneViewState":{"showFog":true,"showMaterialUpdate":false,"showSkybox":false,"showFlares":true,"showImageEffects":true,"showParticleSystems":true},"in2DMode":false,"pivot":{"x":-0.40416884422302248,"y":0.6249999403953552,"z":-2.4774880409240724},"rotation":{"x":0.1752292662858963,"y":0.6968017816543579,"z":-0.18186822533607484,"w":0.6713585257530212},"size":10.159564971923829,"orthographic":false}