{"cameraMode":{"drawMode":0,"name":"Shaded","section":"Shading Mode"},"sceneLighting":false,"audioPlay":false,"sceneViewState":{"showFog":true,"showMaterialUpdate":false,"showSkybox":false,"showFlares":true,"showImageEffects":true,"showParticleSystems":true},"in2DMode":false,"pivot":{"x":0.07054099440574646,"y":0.19258567690849305,"z":-0.0704837292432785},"rotation":{"x":0.2946852147579193,"y":-0.5985091924667358,"z":0.2514898478984833,"w":0.7012510299682617},"size":1.1578360795974732,"orthographic":false}