{"cameraMode":{"drawMode":0,"name":"Shaded","section":"Shading Mode"},"sceneLighting":false,"audioPlay":false,"sceneViewState":{"showFog":true,"showMaterialUpdate":false,"showSkybox":true,"showFlares":true,"showImageEffects":true,"showParticleSystems":true},"in2DMode":false,"pivot":{"x":3.125499725341797,"y":-0.6720056533813477,"z":2.038850784301758},"rotation":{"x":-0.33842501044273379,"y":-0.23686842620372773,"z":0.08836106956005097,"w":-0.9064459204673767},"size":16.091506958007814,"orthographic":false}